Prediction_Time,DO,Temperature,pH,Nitrate,Phosphorus,Predicted_Label,Predicted_Status,At_Risk_Probability,Healthy_Probability
2026-08-23 14:12:44,12.0,2.0,0.4,0.4,0.4,0,At-Risk,0.66,0.34
2026-08-23 14:13:51,3.0,4.0,0.4,0.3,0.04,0,At-Risk,0.54,0.46
2026-08-23 14:15:05,8.1,18.2,0.4,0.3,0.03,1,Healthy,0.205,0.795
2026-08-30 01:32:04,8.5,18.0,7.5,1.0,0.1,0,At-Risk,0.745,0.255
2026-08-30 01:32:16,5.5,18.0,7.5,1.0,0.1,0,At-Risk,0.795,0.205
2026-08-30 01:32:25,5.5,18.0,7.5,1.0,0.1,0,At-Risk,0.795,0.205
2026-08-30 01:41:31,8.5,18.0,7.5,1.0,0.1,0,At-Risk,0.745,0.255
2026-08-30 02:00:39,5.4,16.8,6.96,1.0,0.1,0,At-Risk,0.8,0.2
2026-08-30 02:00:52,5.4,14.4,6.81,1.0,0.1,0,At-Risk,0.79,0.21
2026-08-30 02:00:53,5.4,14.4,6.81,1.0,0.1,0,At-Risk,0.79,0.21
2026-08-30 02:01:05,5.4,14.4,4.41,1.0,0.1,0,At-Risk,0.795,0.205
2026-08-30 02:01:32,5.4,10.4,4.41,1.0,0.1,0,At-Risk,0.795,0.205
2026-08-30 02:01:38,5.4,3.4,4.41,1.0,0.1,0,At-Risk,0.795,0.205
2026-08-30 02:01:45,3.4,3.4,4.41,1.0,0.1,0,At-Risk,0.88,0.12
2026-08-30 02:01:52,3.4,3.4,4.41,1.0,0.3,0,At-Risk,0.945,0.055
2026-08-30 02:02:00,3.4,3.4,2.41,1.0,0.3,0,At-Risk,0.945,0.055
2026-08-30 02:02:09,3.4,3.4,2.41,0.3,0.3,0,At-Risk,0.935,0.065
2026-08-30 02:02:23,0.4,3.4,2.41,0.3,0.3,0,At-Risk,0.935,0.065
2026-08-30 02:03:03,0.4,3.4,0.09,0.3,0.3,0,At-Risk,0.935,0.065
2026-08-30 02:03:16,12.0,3.4,0.09,0.3,0.3,0,At-Risk,0.67,0.33
2026-08-30 02:03:30,12.0,0.5,0.09,0.3,0.3,0,At-Risk,0.645,0.355
2026-08-30 02:04:14,12.0,0.1,0.09,0.3,0.3,0,At-Risk,0.645,0.355
2026-08-30 02:04:26,12.0,0.1,0.09,0.02,0.3,0,At-Risk,0.645,0.355
2026-08-30 02:04:28,12.0,0.1,0.09,0.02,0.3,0,At-Risk,0.645,0.355
2026-08-30 02:04:33,12.0,0.1,0.09,0.02,0.3,0,At-Risk,0.645,0.355
2026-08-30 02:04:56,12.0,0.1,0.09,0.02,0.51,0,At-Risk,0.655,0.345
2026-08-30 02:06:49,0.1,0.1,0.09,0.02,0.51,0,At-Risk,0.935,0.065
2026-08-30 02:07:16,8.5,0.1,0.09,0.02,0.51,0,At-Risk,0.72,0.28
2026-08-30 02:07:52,8.5,13.7,8.16,0.02,0.51,0,At-Risk,0.71,0.29
2026-08-30 02:08:18,8.5,13.7,8.16,4.64,0.51,0,At-Risk,1.0,0.0
2026-08-30 02:14:43,8.5,18.0,7.5,1.0,0.2,0,At-Risk,0.81,0.19
2026-08-30 02:16:27,8.3,13.7,8.16,4.4,0.2,0,At-Risk,1.0,0.0
2026-08-30 02:17:31,8.3,9.4,8.16,0.3,0.2,0,At-Risk,0.695,0.305
2026-08-30 02:18:14,11.4,9.0,5.2,0.3,0.2,0,At-Risk,0.645,0.355
2026-08-30 02:18:41,11.4,9.0,5.2,0.3,0.01,1,Healthy,0.16,0.84
2026-08-30 02:28:15,3.8,18.0,7.5,1.0,0.01,0,At-Risk,0.63,0.37
2026-08-30 02:29:09,3.8,18.0,7.5,1.0,0.01,0,At-Risk,0.63,0.37
2026-08-30 02:29:17,3.8,18.0,7.5,1.0,0.02,0,At-Risk,0.63,0.37
2026-08-30 02:29:28,3.8,18.0,7.5,0.4,0.02,0,At-Risk,0.505,0.495
2026-09-05 20:28:51,8.5,18.0,7.5,1.0,0.3,0,At-Risk,0.9633333333333334,0.03666666666666667
2026-09-05 21:57:05,8.9,18.0,5.0,1.0,0.3,0,At-Risk,0.9433333333333334,0.056666666666666664
2026-09-05 21:57:21,3.4,18.0,5.0,1.0,0.3,0,At-Risk,0.9866666666666667,0.013333333333333334
2026-09-05 22:18:04,8.5,18.0,7.5,1.0,0.0,0,At-Risk,0.6767,0.3233
2026-09-05 22:22:10,8.5,18.0,7.5,1.0,0.0,0,At-Risk,0.6767,0.3233
2026-09-05 22:41:03,8.5,18.0,7.5,1.0,0.0,0,At-Risk,0.6767,0.3233
2026-09-05 22:48:31,8.5,18.0,7.5,1.0,0.0,0,At-Risk,0.6767,0.3233
2026-09-05 22:49:07,4.5,18.0,5.0,0.3,0.3,0,At-Risk,0.9133,0.0867
2026-09-09 22:01:26,9.8,1.0,7.67,0.11,0.096,1,Healthy,0.1633,0.8367
2026-09-09 22:01:42,9.8,1.0,7.67,0.12,0.096,1,Healthy,0.1633,0.8367
2026-09-09 22:01:54,4.5,1.0,7.67,0.12,0.096,0,At-Risk,0.5233,0.4767
2026-09-09 22:09:35,9.1,1.0,7.67,0.12,0.096,1,Healthy,0.1633,0.8367
2026-09-09 22:09:58,4.5,1.0,7.67,0.12,0.096,0,At-Risk,0.5233,0.4767
2026-09-09 22:26:34,9.0,1.0,7.67,0.12,0.096,1,Healthy,0.17,0.83
2026-09-09 22:26:51,4.7,1.0,7.67,0.12,0.096,0,At-Risk,0.5167,0.4833
2026-09-09 22:40:08,4.5,18.0,7.5,1.0,0.3,0,At-Risk,0.9833,0.0167
2026-09-09 22:40:54,9.0,10.0,4.9,0.11,0.3,0,At-Risk,0.6633,0.3367
2026-10-01 13:03:55,8.5,18.0,7.5,1.0,0.0,0,At-Risk,0.6767,0.3233
