GEMS Station Number,Sample Date,DO,Temperature,pH,Nitrate,Phosphorus,Label
BEL00107,27-10-2021,8.5,13.7,8.16,4.64560572,0.493,0
ITA00231,30-11-2023,11.2,9,8.2,0.499632581,0.01,1
HRV00024,06-03-2023,7.2,8.9,7.7,2.498311045,0.19,0
ITA01649,25-01-2023,11.8,7.1,8.2,1.099191678,0.21,0
LTU00018,09-12-2020,13.26,0.7,7.25,0.319769367,0.024,1
ITA01672,22-03-2023,15.4,12.2,8.3,2.797942452,0.1,0
CAN00150,07-03-2019,13.21,0.04,7.225,0.07,0.002,1
HRV00038,27-06-2022,9.7,15.1,8,0.269817593,0.016,1
ITA01287,14-10-2019,8.8,16,7.2,5.7110702,0.14,0
EST00151,05-07-2021,6.8,25.5,7.8,0.180000292,0.051,1
AUT00452,13-01-2021,13.18,0.8,8.27,0.438313683,0.01827,1
SRB00018,26-11-2020,10.5,8.5,7.8,1.3092572,0.148,0
IND02540,21-02-2019,8.09,22,8.61,1.56,0.93,0
MEX02653,29-01-2019,1.96,19,7.4,0.735,1.335,0
EST00161,03-01-2019,14.2,0.9,8.1,0.42000068,0.05,1
HRV00038,21-07-2021,9.8,13.7,8,0.274814215,0.009,1
ITA00449,06-07-2020,8.8,21.4,8.3,1.099207198,0.12,0
MEX00975,01-02-2019,6.74,18.2,7.9,1.463409,0.53568,0
LTU00018,04-07-2022,8.24,15.7,7.7,0.271803962,0.038,1
ITA01952,05-08-2019,8.2,20.6,8.2,3.3634366,0.29,0
ITA02585,15-05-2023,11.3,9.5,7.6,0.3611744,0.03,1
BEL00115,03-09-2019,4.11,19.9,7.82,5.69526882,0.97,0
SRB00001,05-06-2019,9.7,17.6,8.07,1.32957326,0.117,0
ITA02585,03-08-2020,10.3,13.2,7.7,0.3160276,0.06,1
ITA01239,21-02-2022,11.9,8.6,8.2,4.1986524,0.16,0
CAN00353,03-01-2019,9.98,5,7.92,2.62,0.28,0
HRV00003,20-09-2021,8.7,18.6,7.9,0.373747332,0.017,1
ITA00233,28-10-2019,9.4,18,7.6,4.696546259,0.5,0
LVA00128,04-12-2023,12.8,0.2,7.82,0.214898768,0.02,1
ITA00001,10-01-2022,12.7,2.6,7.9,0.8352158,0.01,1
MEX03950,23-01-2019,7.12,17.6,8.1,13.774872,2.79105,0
ITA00231,20-08-2019,9.1,23.9,8,0.199853032,0.02,1
MEX03953,12-08-2020,13.22,30.7,8.8,5.972372,0.35744,0
EST00161,06-08-2019,9.5,13.7,7.9,0.140000227,0.035,1
LTU00015,08-01-2019,12,0.8,7.86,0.182868107,0.02,1
EST00007,21-04-2020,11,10,8.2,0.570000923,0.02,1
LTU00015,05-05-2020,10.42,11.8,8.24,0.06895027,0.025,1
ITA01645,09-12-2020,11.2,6,8.3,3.997060646,0.29,0
LTU00015,17-02-2021,9.81,0.1,7.67,0.112918558,0.096,1
ITA02586,19-12-2022,14.4,2.4,7.5,0.6546286,0.01,1
BEL00125,03-04-2023,9.72,8.1,7.99,10.39279336,0.268,0
ITA00001,04-02-2020,12.7,6.6,8,0.902936,0.01,1
MEX00187,15-02-2019,4.99,26.2,7.6,0.7336,0.2196,0
HRV00003,12-01-2021,10.5,9.9,7.9,0.460688557,0.009,1
MEX00403,09-10-2020,6.94,24.5,7.9,0.132274,0.02347,1
ITA00160,14-03-2022,3.5,8.6,7,1.200001944,5.00E-05,0
HRV00105,15-01-2019,11.91,9.7,7.9,0.331775707,0.009,1
AUT00467,06-12-2023,13,1,8.25,0.225747386,0.02162,1
ITA02585,11-12-2023,13.3,4.3,7.8,0.6546286,0.07,1
ITA00288,11-03-2021,8.6,12.2,8.8,8.993919762,0.141,0
ITA01054,14-03-2023,7.9,12.5,7.7,6.433419,0.7,0
ITA01667,12-02-2019,9.7,5.9,8.1,10.79206375,0.51,0
ITA00883,03-05-2022,9.6,19.1,8.2,2.0993262,0.115,0
IRL00169,13-02-2020,11.5,5.2,7.9,0.609560355,0.041,1
MEX03030,31-07-2020,1,23,7.6,0.030199,6.3013,0
MEX05550,12-08-2020,2.9,30.2,8.1,0.423808,0.7119,0
HRV00038,03-07-2019,10.6,15.4,7.7,0.277812188,0.009,1
ITA00231,19-02-2020,12.3,9.9,8.4,0.199853032,0.02,1
IRL00605,15-01-2019,11.2,9,8,0.619553148,0.042,1
MEX00381,08-02-2019,2.63,15,7.9,0.019636,7.79027,0
HRV00035,18-12-2023,10.9,8.5,7.9,0.209858128,0.008,1
HRV00105,11-07-2022,11.1,16.7,7.9,0.229844616,0.009,1
ITA01644,06-08-2019,6.3,25.7,7.9,1.79684264,0.16,0
ITA02585,04-10-2021,10.7,12.3,7.7,0.3611744,0.01,1
CAN00219,13-05-2019,13.11,3.29,7.71,0.09,0.002,1
HRV00035,17-07-2019,10.8,12.1,7.9,0.307791921,0.009,1
BEL00104,12-05-2020,8.62,14.3,7.65,3.3972967,0.27,0
BEL00096,03-11-2021,6.16,12.9,7.87,4.20768176,0.516,0
BEL00155,09-03-2022,10.35,4.7,7.32,1.19864754,0.179,0
CAN00190,07-07-2019,9.78,14,7.76,0.003,0.00935,1
MEX01644,07-08-2019,7.79,23,7.7,4.638169,2.34629,0
ITA01672,24-11-2021,16,9.3,8.1,2.59808942,0.15,0
MEX00486,12-08-2019,7.78,30.6,7.5,1.830533,0.129,0
ITA00058,15-11-2021,9.12,16.2,8.2,1.399054185,0.2,0
IND02540,06-11-2019,0,34.5,8.455,1.014,0.068,0
EST00007,01-10-2020,9.9,13,8.7,0.100000162,0.02,1
ITA00938,29-09-2021,5.32,19.74,8.4,6.597882336,0.138,0
BEL00102,14-01-2019,9.1,7.7,7.82,3.49661966,0.57,0
EST00151,07-09-2022,8.1,13.7,7.3,0.160000259,0.039,1
CAN00190,09-06-2019,10.57,11.7,7.73,0.0176,0.0208,1
HRV00038,19-06-2023,11,18.1,7.9,0.250830429,0.012,1
HRV00003,11-12-2023,10.7,9.2,7.9,0.449695988,0.014,1
HRV00024,04-07-2022,1.6,25.9,7.1,0.056961492,0.753,0
EST00161,01-06-2022,9.4,13,7.9,0.29000047,0.057,1
ITA01188,22-01-2019,11.2,5.9,7.8,3.0925558,0.151,0
ITA00442,16-06-2020,7.5,20.1,8,1.498897742,0.14,0
URY00048,23-02-2022,6.08,23.5,7.91,0.16,0.098,1
ITA02585,04-04-2022,12.5,5.9,7.9,0.3160276,0.02,1
HRV00035,19-01-2022,10.7,7.1,7.9,0.274814215,0.013,1
EST00206,11-11-2019,4.9,8,7.7,1.200001944,0.04,0
LTU00018,11-05-2023,9.89,11.4,8.19,0.419697294,0.029,1
HRV00003,05-05-2021,10.1,13.4,7.9,0.293801379,0.032,1
LVA00145,10-02-2020,11.9,4.4,6.49,3.037928172,0.089,0
EST00007,09-08-2021,9.2,18,8.1,0.020000032,0.02,1
ITA01013,17-05-2022,5.8,21.4,8.2,2.2121932,0.11,0
ITA00087,03-10-2022,3.6,15.9,7.9,1.50000243,5.00E-05,0
ITA02585,13-01-2020,14.5,1.4,7.2,0.5869084,0.01,1
LTU00018,10-07-2019,9.49,11.9,7.85,0.104924323,0.032,1
AUT00467,01-06-2021,11.97,4.4,8.08,0.225747386,0.0161,1
ITA02585,01-02-2021,13.8,4.4,8,0.4966148,0.02,1
ITA00422,17-03-2021,11.2,9.6,8.87,1.998530323,0.17,0
URY00024,26-04-2019,7.99,17.1,8.18,1.6,0.97,0
ITA00352,06-06-2023,6.8,17.5,6.4,3.00000486,0.07,0
AUT00467,11-01-2023,13.16,0.1,8.05,0.225747386,0.01275,1
CAN00190,28-04-2019,12,4.6,7.87,0.0407,0.0222,1
AUT00429,06-07-2022,8.4,21.1,8,1.169209569,0.165,0
ITA00668,24-03-2021,10.32,10.86,7.7,4.698491968,0.14,0
ITA00269,30-11-2022,8.72,10.5,8.24,1.09925686,0.109,0
HRV00035,26-01-2021,10.8,6.9,7.9,0.208858803,0.01,1
ITA00624,03-02-2022,12.07,6.2,8.25,1.648761136,0.11,0
IRL00605,17-02-2020,11.4,5.5,7.5,0.399711708,0.02,1
ITA00764,05-05-2022,9.6,14,8.1,4.298620282,0.156,0
EST00161,04-01-2021,13.8,1.1,7.7,0.940001523,0.074,1
ITA00400,08-05-2019,7,14.2,8.2,5.795737937,0.67,0
AUT00467,03-11-2021,12.01,3,7.96,0.225747386,0.07754,1
EST00151,04-12-2023,10.7,1.3,7.8,0.610000988,0.058,1
IRL00169,17-09-2020,9,16.1,7.9,0.199855854,0.044,1
MEX03941,29-09-2020,7.24,23.7,7.9,4.956643,1.58413,0
EST00151,06-01-2020,12.5,1.6,7.8,0.940001523,0.071,1
MEX02022,14-09-2021,3.02,27,8.1,0.02,0.1605,0
IRL00605,09-03-2021,10.1,7.2,8,0.729473868,0.023,1
EST00161,12-05-2020,9.6,10,8.1,0.21000034,0.052,1
ITA00231,13-02-2019,12.6,6.7,8.1,0.799412129,0.02,1
EST00151,04-08-2020,7.1,18.3,7.9,0.078000126,0.037,1
ITA00346,04-12-2023,2.8,1.6,7.6,0.100000162,2.49,0
MEX02253,31-01-2019,1,15.6,8.7,8.3485,2.1761,0
MEX03094,30-01-2019,6.91,17.5,8.11,2.891967,1.45612,0
ITA00948,03-02-2022,22.6,5.3,9.2,1.799422554,1.58,0
ITA01178,16-01-2019,11.8,3.1,7.7,6.6365796,0.27,0
CAN00219,04-03-2019,13.61,0.21,7.87,0.11,0.002,1
EST00042,01-12-2022,12.1,1.6,7.8,0.820001328,0.02,1
ITA01945,12-02-2020,10,11.2,8.1,1.099207198,0.11,0
CAN00190,18-08-2019,10.17,15,7.86,0.003,0.003,1
ITA00221,06-12-2023,3.38,9.9,7.26,0.229830987,0.94,0
BEL00111,13-05-2020,11.47,15.8,8.19,1.75846786,0.396,0
IRL00169,23-01-2019,10.3,6.7,7.8,0.999279271,0.029,1
ITA02585,14-11-2022,12.2,6.8,7.6,0.4288946,0.01,1
LVA00128,13-01-2020,12.9,1.9,8,0.499775076,0.033,1
ITA02586,13-01-2020,15.8,3.1,7.6,0.8577892,0.01,1
AUT00467,06-06-2023,10.71,7.2,7.85,0.225747386,0.09507,1
ITA00089,10-08-2020,5,21,7.9,1.800002916,0.16,0
ITA01191,16-02-2022,11.4,7.4,8,2.7991016,0.12,0
ITA02086,16-02-2021,10.3,7.5,8.3,3.337743556,0.232,0
ITA00257,21-12-2022,10.12,10.3,8,4.596892323,0.405,0
ITA01673,18-09-2019,8,24.8,7.1,1.898603807,0.16,0
CAN00190,29-09-2019,11.78,7.4,7.84,0.0043,0.0043,1
LTU00015,04-07-2022,7.39,24,7.53,0.066951711,0.026,1
MEX02682,23-09-2020,4.9,24.1,7.3,2.687,0.24,0
HRV00038,19-01-2021,10.8,9.9,7.8,0.316785841,0.014,1
LTU00343,05-01-2021,12.87,1.5,7.93,0.124909909,0.023,1
MEX01277,26-08-2020,6.9,25.5,7.3,7.802658,2.10717,0
HRV00038,27-12-2023,10.9,12.8,7.8,0.259824349,0.008,1
ITA01806,15-05-2023,7.1,17.2,7.7,3.50000567,1,0
HRV00035,28-06-2023,9.9,12.5,7.8,0.299797325,0.008,1
EST00007,03-10-2019,10.6,9,8.5,0.020000032,0.02,1
HRV00003,06-06-2022,10.5,16.8,8,0.323781111,0.017,1
ITA02586,05-08-2020,11.5,12.4,7.3,0.3837478,0.04,1
AUT00452,02-03-2022,14.02,1.1,8.3,0.690283342,0.01504,1
IRL00605,07-09-2020,9.3,14.7,7.8,0.299783781,0.024,1
ITA00418,13-12-2022,12.46,4.3,8.9,7.494488712,0.25,0
SRB00037,07-07-2022,6.3,25,8.07,1.693005,0.59,0
ITA00359,26-06-2023,6.7,22,4.9,5.800009396,0.05,0
IRL00169,25-04-2022,12.1,12.8,8.2,0.36973333,0.038,1
EST00007,12-04-2023,11.5,10.4,8,0.620001004,0.015,1
LVA00128,14-01-2019,12,0,8,0.299797325,0.02,1
MEX03955,12-08-2020,13.08,30.4,8.7,6.392883,0.33605,0
EST00042,04-12-2023,12.2,0.6,7.7,0.750001215,0.04,1
MEX03023,15-08-2019,4.5,24.7,7.7,2.677578,3.32522,0
IRL00605,02-09-2021,10.9,14.6,8.1,0.509632428,0.018,1
LTU00011,13-01-2020,9.5,4,7.8,1.598846834,0.11,0
ITA00231,14-07-2021,9.1,21.4,7.7,0.199853032,0.05,1
ITA00686,06-10-2022,10.6,15.34,7.89,1.899390436,0.103,0
ITA01160,02-11-2021,9.6,12.9,8,2.0993262,0.155,0
MEX02444,24-08-2020,4.72,18.7,7.9,2.2074,0.0796,0
MEX03822,10-09-2020,3.97,23,7.1,3.284,0.691,0
ITA01355,08-05-2023,3.6,21.1,7.8,4.0857854,0.49,0
AUT00452,06-12-2023,12.72,2.7,8.11,0.42703131,0.00755,1
HRV00003,10-07-2023,10.4,21.3,8.1,0.229844616,0.02,1
LTU00343,05-05-2020,12.55,11.2,8.11,0.032976216,0.022,1
MEX03752,09-09-2020,1,20,8.2,0.031,0.304,0
ITA01078,03-08-2023,5.5,25.7,8.3,1.805872,0.133,0
ITA02586,21-04-2021,13.4,10.6,8,0.9255094,0.01,1
IRL00605,10-06-2019,10.8,14.3,8,0.239827025,0.023,1
BEL00162,11-04-2023,9.39,11.7,7.89,6.29572126,0.278,0
ITA01653,06-09-2022,8,21.3,8.1,7.694341744,0.2,0
ITA00231,21-03-2022,12.7,7.6,7.8,0.299779548,0.01,1
ITA00398,12-02-2019,5.3,9.9,7.9,5.396031873,1.02,0
BEL00116,17-03-2020,7.26,10.4,7.7,5.99549504,0.71,0
MEX01328,19-02-2019,7.23,19.9,7.7,1.229,0.798,0
URY00122,02-02-2023,1.73,23.4,7.2,0.07,0.15,0
LTU00018,08-01-2019,12.58,0.4,7.67,0.485649726,0.016,1
LVA00150,20-03-2019,13.1,4.9,6.98,3.437675998,0.1,0
EST00134,05-09-2023,8,16,8,1.400002268,0.1,0
HRV00105,14-06-2021,10.4,14.6,7.8,0.236839887,0.009,1
AUT00428,06-07-2022,8.6,19.6,8,1.109250104,0.136,0
LTU00018,14-09-2021,9.51,11.2,8.23,0.074945945,0.024,1
URY00048,02-09-2021,8.86,15.5,7.88,0.079,0.064,1
BEL00107,28-01-2019,8.02,9.1,7.77,3.79684588,1.2,0
ITA00054,27-12-2022,9.45,10.5,8.47,2.12856101,0.199,0
ITA02104,07-02-2019,8.5,10,7.7,5.0000081,0.152,0
AUT00452,11-01-2023,12.85,1.9,7.87,0.523975772,0.01437,1
ITA01288,15-04-2020,8.7,15,8.4,5.079015,0.2,0
ITA00927,27-01-2021,11.2,4.5,7.8,11.9961497,0.128,0
ITA00938,23-08-2023,14.38,26.36,7.8,3.498877,0.135,0
HRV00038,17-01-2019,11.79,9.6,7.9,0.305793272,0.009,1
AUT00452,01-08-2022,10.22,11.6,7.84,0.259564524,0.06261,1
MEX01614,07-08-2019,4.45,21,7.8,0.057094,2.54789,0
MEX00403,13-02-2019,9.81,11.6,7.8,0.398335,0.02042,1
ITA02586,15-11-2021,12.1,7.5,7.6,0.6997754,0.01,1
ITA01805,20-09-2021,5.2,20,7.7,3.600005832,0.611,0
LVA00128,10-05-2021,10.9,10.5,8.18,0.389842618,0.052,1
MEX03060,08-08-2019,5.18,25,7.9,2.076323,1.17116,0
ITA00337,08-09-2020,5.6,20.4,7.8,2.50000405,0.18,0
LTU00343,04-09-2019,8.15,19.9,7.92,0.024981982,0.019,1
ITA01054,02-12-2021,7.8,15.7,7.6,5.6884968,0.12,0
ITA00250,16-01-2023,10.7,11.3,8.1,1.200001944,1,0
LTU00343,07-10-2021,9.36,10.9,7.75,0.014989189,0.018,1
MEX02407,06-02-2019,2.91,28,7.9,0.1565,2.0381,0
LTU00343,05-12-2023,10.28,2,8.21,0.289790989,0.021,1
MEX00396,28-10-2020,11.6,11.4,9.2,1.02335,0.05329,0
HRV00003,12-01-2022,11,8.7,8,0.426711526,0.018,1
MEX01701,28-01-2019,1,22,8,0.007,6.061,0
AUT00467,05-04-2022,13.17,1.1,8.02,0.225747386,0.06706,1
EST00042,08-01-2019,12.6,0.4,8.2,0.220000356,0.021,1
HRV00035,25-02-2019,11.83,8.7,7.8,0.304793947,0.009,1
EST00007,02-04-2019,13.3,5,8.1,0.902936,0.02,1
LTU00015,05-12-2023,11,1.4,8.35,0.199855854,0.019,1
HRV00105,02-12-2019,11.45,11.5,7.6,0.273814891,0.009,1
HRV00035,19-07-2021,8.9,12.7,7.9,0.306792596,0.009,1
EST00151,03-01-2022,10.8,-0.1,7.5,0.940001523,0.058,1
IND02415,25-06-2021,6.5,26,7.7,2.73,0.14,0
ITA00109,08-08-2023,8.2,17.9,8,2.200003564,0.17,0
HRV00105,27-06-2023,11.5,16.7,7.9,0.23983786,0.008,1
MEX01270,05-03-2019,3.11,21.4,7.05,0.043782,0.43954,0
LTU00018,05-12-2023,12.25,1.2,8.24,0.489646843,0.018,1
ITA00722,31-08-2021,7.55,19.92,8.2,3.998716568,0.104,0
HRV00038,22-12-2021,11.3,10.2,7.6,0.316785841,0.012,1
MEX02756,21-01-2019,4.96,23,7.8,1.342,0.015,0
HRV00105,06-12-2023,11.2,10.6,7.7,0.329777058,0.012,1
ITA00764,02-09-2021,9.7,17.3,7.1,3.798780736,0.345,0
LVA00128,10-08-2020,9.1,18,8.4,0.07787823,0.025,1
EST00042,01-09-2021,8.5,14.5,8,0.340000551,0.01,1
EST00042,03-08-2020,7.4,15.9,7.5,0.380000616,0.02,1
ITA00085,06-11-2023,8.5,11.5,7.9,2.400003888,0.11,0
ITA00941,06-07-2022,8.1,24.5,7.9,2.599165836,0.203,0
AUT00467,13-01-2021,12.73,0.8,8.24,0.23013442,0.01312,1
EST00161,04-12-2023,13.2,0.8,8,0.430000697,0.052,1
MEX02683,23-09-2020,5,24.2,7.6,1.708,0.119,0
CAN00150,06-06-2019,11.16,8.71,7.45,0.04,0.004,1
ITA00388,23-07-2019,8.4,27,7.8,1.698750775,0.19,0
MEX01276,05-02-2019,2.87,21.7,7.8,0.004698,1.68045,0
LTU00015,07-10-2021,10.91,9.4,7.39,0.015988468,0.017,1
CAN00190,18-02-2019,12.54,1,7.78,0.0837,0.0097,1
ITA00409,15-11-2021,4.1,12,7.9,1.398971226,0.2,0
ITA01173,14-10-2020,9.8,13.6,5.7,3.9051982,0.1,0
ITA03045,23-05-2019,4.51,20.9,8.2,2.450003969,2.22,0
HRV00105,03-06-2019,11.03,14.3,7.7,0.278811513,0.009,1
ITA00966,27-12-2022,8.79,9,7.45,5.798138964,0.337,0
ITA01275,19-05-2022,8.1,21.5,8,1.6027114,0.16,0
MEX03222,10-08-2020,6.5,30.9,7.8,1.031628,0.70737,0
HRV00035,02-01-2023,11.1,9.6,7.9,0.267818944,0.009,1
EST00042,06-01-2020,11.4,2.7,7.8,0.50000081,0.031,1
MEX02226,26-08-2020,3.21,23,7.5,3.2245,0.985,0
IRL00169,23-09-2021,8.5,16.1,7.8,0.199855854,0.037,1
EST00042,02-07-2019,9,19.1,8.3,0.370000599,0.014,1
ITA02586,13-12-2023,14.1,5.6,7.8,0.790069,0.02,1
BEL00115,14-06-2022,4.26,20.7,7.77,0.4401813,1.26,0
IND02255,22-06-2020,1,28.5,7.61,1.54,0.01,0
CAN00190,13-01-2019,13.27,0.7,7.86,0.058,0.0122,1
IND02105,23-08-2021,6.05,24,7.15,5.11,0.4,0
MEX01616,05-08-2020,1.77,15.8,7.9,1.672,3.582,0
IND02122,13-05-2019,0,30,8.42,0,0.227,0
AUT00452,03-05-2021,12.36,4.3,7.85,0.514771994,0.0234,1
HRV00021,03-09-2019,8.5,20.4,8.1,1.169209569,0.38,0
EST00161,06-03-2023,11.1,0.5,8.2,0.71000115,0.062,1
ITA00001,14-06-2021,12,11,7.2,0.2934542,0.02,1
HRV00105,08-12-2021,11.3,10.2,7.7,0.273814891,0.009,1
EST00007,01-08-2022,8.7,17,8.1,0.020000032,0.02,1
ITA00001,13-06-2022,10.9,14.1,7.8,0.451468,0.01,1
EST00007,03-10-2023,9.2,13,8.4,0.120000194,0.02,1
EST00151,03-01-2019,12.6,0.2,7.8,0.560000907,0.093,1
EST00161,05-10-2021,10.7,8,7.6,0.240000389,0.037,1
AUT00467,01-08-2022,10.2,10.8,7.79,0.225747386,0.03501,1
MEX03557,28-10-2019,1,30.8,7,0.035155,3.95302,0
IND02275,01-01-2021,7.9,15,8.25,6.96,0.35,0
ITA01013,20-05-2020,7.3,18.9,7.8,1.8510188,0.131,0
MEX03620,18-09-2020,2.28,33.8,7.8,0.364618,1.87783,0
AUT00335,24-01-2023,13.4,3,8.4,2.758135394,0.156,0
MEX00817,07-02-2019,1.97,17.7,7.6,1.613,0.94,0
ITA00420,13-12-2022,12.31,5.3,8.7,1.998530323,0.13,0
AUT00320,08-07-2021,11.8,27.1,8.45,1.598919069,0.11,0
LTU00029,21-01-2020,11.21,3.9,8,6.095603554,0.41,0
MEX01383,19-08-2020,3.82,20.1,7.1,0.184,0.846,0
MEX03821,22-09-2021,4.06,20,7.4,2.377,0.53,0
BEL00106,11-12-2023,8.98,9.6,7.76,4.73589932,0.44,0
ITA01191,15-05-2023,5.2,17.7,7.7,10.1354566,0.37,0
ITA00426,16-11-2021,6.7,12.1,8.32,1.598824259,0.13,0
LVA00128,10-08-2022,9.5,15.5,8.27,0.084875984,0.017,1
IRL00169,05-12-2022,11.4,6.6,7.8,0.529618014,0.039,1
MEX02662,13-02-2019,1,20,7.4,0.004,1.98,0
ITA00849,11-05-2022,7.4,20,7.7,1.499518682,0.161,0
ITA01054,09-03-2020,8.9,11.6,7.4,8.916493,0.88,0
IRL00169,15-08-2019,8.3,19,7.9,0.199855854,0.039,1
URY00048,13-08-2020,10.51,11.3,8.6,0.11,0.052,1
EST00042,07-06-2022,7.8,16.2,7.9,0.930001507,0.04,1
ITA00001,12-06-2023,10.2,14.3,8,0.338601,0.01,1
ITA00001,13-12-2022,13.7,0.4,7.6,0.5191882,0.02,1
BEL00110,17-02-2021,12.03,6.9,7.84,5.09707372,0.357,0
HRV00003,11-04-2023,10.8,11.6,8,0.355759493,0.009,1
ITA01686,11-10-2023,5.35,22,7.66,2.59808942,0.64,0
ITA02586,14-06-2023,11,14.1,7.9,0.4063212,0.02,1
AUT00452,04-10-2021,10.85,9.1,8.09,0.309850529,0.00797,1
ITA00395,22-01-2019,12.6,3.5,8.3,11.49154936,0.18,0
IND02586,01-01-2021,9.9,14,7.565,12.5,0.41,0
LTU00015,04-09-2019,8.9,16.6,7.85,0.02797982,0.018,1
ITA00430,16-11-2021,4.1,15,7.94,0.199853032,0.98,0
CAN00278,07-03-2019,13.02,0.3,7.855,0.14,0.002,1
MEX03541,23-01-2019,8.46,13.9,7.9,40.037263,10.54227,0
LTU00018,05-05-2020,10.7,9.9,7.83,0.239827025,0.03,1
BEL00095,24-01-2019,11.55,3.3,7.47,1.79909998,0.21,0
LTU00343,13-03-2023,10.46,1.8,8.29,0.269805403,0.048,1
ITA00388,24-09-2019,7.8,19.4,7.4,2.198383355,0.17,0
LVA00153,17-01-2022,12.4,1.1,5.93,5.796171918,0.099,0
ITA00881,13-04-2021,9,12.35,8.3,1.699454536,0.102,0
MEX00723,21-07-2020,2.23,17.1,7.1,0.8933,2.5353,0
EST00151,01-07-2019,6.6,20.6,7.7,0.140000227,0.061,1
LVA00128,19-04-2023,12.2,6.2,8.14,0.36004573,0.03,1
CAN00190,31-03-2019,13.17,0.4,7.8,0.0711,0.0515,1
BEL00107,11-12-2023,8.65,9.7,7.75,4.6162603,0.46,0
MEX03749,04-02-2019,1,24,8.1,0.004,5.062,0
BEL00118,05-10-2021,4.11,14.8,7.52,3.3972967,0.527,0
ITA00001,06-12-2023,13,3,7.9,0.790069,0.04,1
LTU00015,13-03-2023,11.47,1.5,8.28,0.259812611,0.03,1
LVA00128,06-12-2021,12.9,0.1,7.7,0.349661966,0.036,1
MEX02692,06-03-2019,3.13,16.8,7.5,0.059536,1.73096,0
MEX03740,01-09-2020,4.45,24.6,7.9,0.051,0.14,0
ITA00231,02-11-2020,10.9,12.4,8.3,0.199853032,0.01,1
ITA01952,08-06-2022,8.9,18.3,8,2.997973254,0.27,0
LTU00343,09-01-2019,11.34,0.5,7.89,0.16488108,0.021,1
ITA00429,16-11-2021,8.7,12.5,8.6,1.498897742,0.1,0
SRB00009,12-01-2022,13.6,2.8,8,2.94808604,0.23,0
ITA00436,10-05-2023,9.5,20.8,7.9,2.198383355,0.25,0
BEL00161,05-12-2023,9.75,5.4,7.81,5.99549504,0.354,0
MEX01286,01-09-2020,3.6,24.1,7.6,1.527298,1.38901,0
IRL00605,28-04-2022,10.2,13.9,8.1,0.429690087,0.011,1
ITA00001,07-09-2020,9.3,11.5,7.5,0.4966148,0.01,1
URY00048,15-10-2020,8.9,18.3,7.98,0.11,0.063,1
IRL00605,15-11-2022,10.8,8.8,7.5,0.429690087,0.037,1
ITA00231,09-11-2022,11.1,16.9,8,0.199853032,0.02,1
MEX00461,06-08-2019,7.49,27.5,8,1.374923,2.67639,0
ITA00938,23-06-2022,10.09,27.4,8,2.299261964,0.464,0
LTU00343,07-06-2022,9.59,18.2,8.04,0.06895027,0.023,1
ITA01031,12-05-2021,7,17,8.1,1.4221242,0.14,0
IRL00169,10-03-2021,10.7,8.1,7.6,0.409704501,0.024,1
MEX02493,12-02-2019,3.03,27,7.9,2.8846,3.8145,0
AUT00452,06-06-2023,10.99,7.9,7.8,0.225747386,0.03596,1
ITA02586,16-05-2022,10.7,15.8,7.7,0.2483074,0.01,1
MEX02240,19-02-2019,1,23.8,7.5,0.002559,3.8365,0
MEX02283,08-03-2019,8.57,26.6,8.3,1.322941,0.22918,0
URY00048,21-02-2019,6.8,27.4,7.8,0.1,0.05,1
